-- NSCC Fantasy — DEMO SEASON, RAW TRUTH (generated by scripts/generate-seed.ts).
-- Paste into the Supabase SQL editor and run. Replace __OWNER_A..D__ with real
-- auth.users ids FIRST (see VERCEL_DEPLOY.md). Player roles are PLACEHOLDER demo data.
-- Idempotent: re-running wipes and rebuilds the demo season. ONE transaction so the
-- deferred triggers (captain / G15 / trade / lock) validate the COMPLETE set at COMMIT.
BEGIN;
-- Idempotent wipe of the demo season (children first).
DELETE FROM player_match_scores WHERE match_id IN (SELECT id FROM matches WHERE round_id IN (SELECT id FROM rounds WHERE season_id = '5ea50000-0000-4000-8000-000000000001'));
DELETE FROM price_history WHERE player_id IN (SELECT id FROM players WHERE season_id = '5ea50000-0000-4000-8000-000000000001');
DELETE FROM team_cap_snapshots WHERE fantasy_team_id IN (SELECT id FROM fantasy_teams WHERE season_id = '5ea50000-0000-4000-8000-000000000001');
DELETE FROM team_round_scores WHERE fantasy_team_id IN (SELECT id FROM fantasy_teams WHERE season_id = '5ea50000-0000-4000-8000-000000000001');
DELETE FROM h2h_results WHERE round_id IN (SELECT id FROM rounds WHERE season_id = '5ea50000-0000-4000-8000-000000000001');
DELETE FROM ladder WHERE season_id = '5ea50000-0000-4000-8000-000000000001';
DELETE FROM overall_leaderboard WHERE season_id = '5ea50000-0000-4000-8000-000000000001';
DELETE FROM trades WHERE fantasy_team_id IN (SELECT id FROM fantasy_teams WHERE season_id = '5ea50000-0000-4000-8000-000000000001');
DELETE FROM selections WHERE fantasy_team_id IN (SELECT id FROM fantasy_teams WHERE season_id = '5ea50000-0000-4000-8000-000000000001');
DELETE FROM dismissals WHERE scorecard_id IN (SELECT id FROM scorecards WHERE match_id IN (SELECT id FROM matches WHERE round_id IN (SELECT id FROM rounds WHERE season_id = '5ea50000-0000-4000-8000-000000000001')));
DELETE FROM batting_lines WHERE scorecard_id IN (SELECT id FROM scorecards WHERE match_id IN (SELECT id FROM matches WHERE round_id IN (SELECT id FROM rounds WHERE season_id = '5ea50000-0000-4000-8000-000000000001')));
DELETE FROM bowling_lines WHERE scorecard_id IN (SELECT id FROM scorecards WHERE match_id IN (SELECT id FROM matches WHERE round_id IN (SELECT id FROM rounds WHERE season_id = '5ea50000-0000-4000-8000-000000000001')));
DELETE FROM scorecard_lineup WHERE scorecard_id IN (SELECT id FROM scorecards WHERE match_id IN (SELECT id FROM matches WHERE round_id IN (SELECT id FROM rounds WHERE season_id = '5ea50000-0000-4000-8000-000000000001')));
DELETE FROM scorecards WHERE match_id IN (SELECT id FROM matches WHERE round_id IN (SELECT id FROM rounds WHERE season_id = '5ea50000-0000-4000-8000-000000000001'));
DELETE FROM matches WHERE round_id IN (SELECT id FROM rounds WHERE season_id = '5ea50000-0000-4000-8000-000000000001');
DELETE FROM fantasy_teams WHERE season_id = '5ea50000-0000-4000-8000-000000000001';
DELETE FROM rounds WHERE season_id = '5ea50000-0000-4000-8000-000000000001';
DELETE FROM players WHERE season_id = '5ea50000-0000-4000-8000-000000000001';
DELETE FROM seasons WHERE id = '5ea50000-0000-4000-8000-000000000001';

INSERT INTO seasons (id, name, config) VALUES
('5ea50000-0000-4000-8000-000000000001', 'NSCC Fantasy — Demo Season (scratch)', '{"scoring":{"perRun":1,"perFour":1,"perSix":2,"perWicket":25,"perCatch":8,"perKeeperCatch":8,"perStumping":10,"perRunOutUnassisted":10,"perRunOutAssisted":5,"srBonusPoints":10,"srBonusMinStrikeRate":150,"srBonusMinBalls":10,"econBonusPoints":10,"econBonusMaxEconomy":3,"econBonusMinOvers":3},"pricing":{"alpha":0.2,"dollarsPerPoint":1000,"floor":9000,"roundingIncrement":100,"startingPriceGamesCap":4},"squad":{"teamSize":6,"roleMinimums":{"BAT":2,"WK":1,"BWL":2,"AR":1},"cap":1000000,"tradesPerRound":2}}'::jsonb);

INSERT INTO players (id, season_id, registry_key, display_name, role, wk_eligible, starting_price, active) VALUES
('71a70000-0000-4000-8000-000000000001', '5ea50000-0000-4000-8000-000000000001', 'p01', 'A. Ashford', 'BAT', false, 150000, true),
('71a70000-0000-4000-8000-000000000002', '5ea50000-0000-4000-8000-000000000001', 'p02', 'B. Bannerman', 'BAT', true, 120000, true),
('71a70000-0000-4000-8000-000000000003', '5ea50000-0000-4000-8000-000000000001', 'p03', 'C. Carroll', 'BAT', false, 90000, true),
('71a70000-0000-4000-8000-000000000004', '5ea50000-0000-4000-8000-000000000001', 'p04', 'D. Dettmann', 'BAT', false, 60000, true),
('71a70000-0000-4000-8000-000000000005', '5ea50000-0000-4000-8000-000000000001', 'p05', 'E. Everett', 'WK', false, 110000, true),
('71a70000-0000-4000-8000-000000000006', '5ea50000-0000-4000-8000-000000000001', 'p06', 'F. Fielding', 'WK', false, 70000, true),
('71a70000-0000-4000-8000-000000000007', '5ea50000-0000-4000-8000-000000000001', 'p07', 'G. Gulliver', 'BWL', false, 140000, true),
('71a70000-0000-4000-8000-000000000008', '5ea50000-0000-4000-8000-000000000001', 'p08', 'H. Hollins', 'BWL', false, 100000, true),
('71a70000-0000-4000-8000-000000000009', '5ea50000-0000-4000-8000-000000000001', 'p09', 'I. Ingram', 'BWL', false, 65000, true),
('71a70000-0000-4000-8000-00000000000a', '5ea50000-0000-4000-8000-000000000001', 'p10', 'J. Jamison', 'AR', false, 130000, true),
('71a70000-0000-4000-8000-00000000000b', '5ea50000-0000-4000-8000-000000000001', 'p11', 'K. Kelleher', 'AR', false, 80000, true);

INSERT INTO rounds (id, season_id, seq, name, lock_at) VALUES
('40110000-0000-4000-8000-000000000001', '5ea50000-0000-4000-8000-000000000001', 1, 'Round 1', '2026-10-10T00:30:00Z'),
('40110000-0000-4000-8000-000000000002', '5ea50000-0000-4000-8000-000000000001', 2, 'Round 2', '2026-10-17T00:30:00Z'),
('40110000-0000-4000-8000-000000000003', '5ea50000-0000-4000-8000-000000000001', 3, 'Round 3', '2026-10-24T00:30:00Z');

INSERT INTO matches (id, round_id, grade, opponent, status, final_day_date, finalised_at) VALUES
('3a7c0000-0000-4000-8000-000000000001', '40110000-0000-4000-8000-000000000001', 'A Grade', 'Prospect District CC', 'finalised', '2026-10-04', '2026-10-04T06:30:00Z'),
('3a7c0000-0000-4000-8000-000000000002', '40110000-0000-4000-8000-000000000002', 'A Grade', 'Kensington CC', 'scheduled', NULL, NULL),
('3a7c0000-0000-4000-8000-000000000003', '40110000-0000-4000-8000-000000000003', 'A Grade', 'Woodville CC', 'scheduled', NULL, NULL);

INSERT INTO scorecards (id, match_id, wicket_keeper_player_id, review_state) VALUES
('5cad0000-0000-4000-8000-000000000001', '3a7c0000-0000-4000-8000-000000000001', '71a70000-0000-4000-8000-000000000005', 'committed');

INSERT INTO scorecard_lineup (scorecard_id, player_id) VALUES
('5cad0000-0000-4000-8000-000000000001', '71a70000-0000-4000-8000-000000000001'),
('5cad0000-0000-4000-8000-000000000001', '71a70000-0000-4000-8000-000000000002'),
('5cad0000-0000-4000-8000-000000000001', '71a70000-0000-4000-8000-000000000003'),
('5cad0000-0000-4000-8000-000000000001', '71a70000-0000-4000-8000-000000000005'),
('5cad0000-0000-4000-8000-000000000001', '71a70000-0000-4000-8000-000000000007'),
('5cad0000-0000-4000-8000-000000000001', '71a70000-0000-4000-8000-000000000008'),
('5cad0000-0000-4000-8000-000000000001', '71a70000-0000-4000-8000-00000000000a');

INSERT INTO batting_lines (scorecard_id, player_id, runs, balls_faced, fours, sixes) VALUES
('5cad0000-0000-4000-8000-000000000001', '71a70000-0000-4000-8000-000000000001', 72, 58, 9, 1),
('5cad0000-0000-4000-8000-000000000001', '71a70000-0000-4000-8000-000000000002', 34, 16, 4, 1),
('5cad0000-0000-4000-8000-000000000001', '71a70000-0000-4000-8000-000000000003', 5, 12, 0, 0),
('5cad0000-0000-4000-8000-000000000001', '71a70000-0000-4000-8000-000000000005', 18, 20, 2, 0);

INSERT INTO bowling_lines (scorecard_id, player_id, overs, runs_conceded, wickets) VALUES
('5cad0000-0000-4000-8000-000000000001', '71a70000-0000-4000-8000-000000000007', 6, 14, 3),
('5cad0000-0000-4000-8000-000000000001', '71a70000-0000-4000-8000-000000000008', 5, 33, 1);

INSERT INTO dismissals (scorecard_id, seq, raw_text) VALUES
('5cad0000-0000-4000-8000-000000000001', 0, 'c p10 b p08'),
('5cad0000-0000-4000-8000-000000000001', 1, 'c p05 b p07'),
('5cad0000-0000-4000-8000-000000000001', 2, 'st p05 b p07'),
('5cad0000-0000-4000-8000-000000000001', 3, 'run out (p10)');

INSERT INTO fantasy_teams (id, season_id, owner_profile_id, name) VALUES
('7ea70000-0000-4000-8000-000000000001', '5ea50000-0000-4000-8000-000000000001', '__OWNER_A__', 'Northcote Nomads'),
('7ea70000-0000-4000-8000-000000000002', '5ea50000-0000-4000-8000-000000000001', '__OWNER_B__', 'Southbank Strikers'),
('7ea70000-0000-4000-8000-000000000003', '5ea50000-0000-4000-8000-000000000001', '__OWNER_C__', 'Eastfield Emus'),
('7ea70000-0000-4000-8000-000000000004', '5ea50000-0000-4000-8000-000000000001', '__OWNER_D__', 'Westgate Warriors');

INSERT INTO selections (id, fantasy_team_id, round_id, player_id, is_captain, is_vice_captain) VALUES
('5e1e0000-0000-4000-8000-000100000001', '7ea70000-0000-4000-8000-000000000001', '40110000-0000-4000-8000-000000000001', '71a70000-0000-4000-8000-000000000001', true, false),
('5e1e0000-0000-4000-8000-000100000002', '7ea70000-0000-4000-8000-000000000001', '40110000-0000-4000-8000-000000000001', '71a70000-0000-4000-8000-000000000002', false, false),
('5e1e0000-0000-4000-8000-000100000005', '7ea70000-0000-4000-8000-000000000001', '40110000-0000-4000-8000-000000000001', '71a70000-0000-4000-8000-000000000005', false, false),
('5e1e0000-0000-4000-8000-000100000007', '7ea70000-0000-4000-8000-000000000001', '40110000-0000-4000-8000-000000000001', '71a70000-0000-4000-8000-000000000007', false, true),
('5e1e0000-0000-4000-8000-000100000008', '7ea70000-0000-4000-8000-000000000001', '40110000-0000-4000-8000-000000000001', '71a70000-0000-4000-8000-000000000008', false, false),
('5e1e0000-0000-4000-8000-00010000000a', '7ea70000-0000-4000-8000-000000000001', '40110000-0000-4000-8000-000000000001', '71a70000-0000-4000-8000-00000000000a', false, false),
('5e1e0000-0000-4000-8000-000200000002', '7ea70000-0000-4000-8000-000000000002', '40110000-0000-4000-8000-000000000001', '71a70000-0000-4000-8000-000000000002', false, true),
('5e1e0000-0000-4000-8000-000200000003', '7ea70000-0000-4000-8000-000000000002', '40110000-0000-4000-8000-000000000001', '71a70000-0000-4000-8000-000000000003', false, false),
('5e1e0000-0000-4000-8000-000200000006', '7ea70000-0000-4000-8000-000000000002', '40110000-0000-4000-8000-000000000001', '71a70000-0000-4000-8000-000000000006', false, false),
('5e1e0000-0000-4000-8000-000200000008', '7ea70000-0000-4000-8000-000000000002', '40110000-0000-4000-8000-000000000001', '71a70000-0000-4000-8000-000000000008', true, false),
('5e1e0000-0000-4000-8000-000200000009', '7ea70000-0000-4000-8000-000000000002', '40110000-0000-4000-8000-000000000001', '71a70000-0000-4000-8000-000000000009', false, false),
('5e1e0000-0000-4000-8000-00020000000b', '7ea70000-0000-4000-8000-000000000002', '40110000-0000-4000-8000-000000000001', '71a70000-0000-4000-8000-00000000000b', false, false),
('5e1e0000-0000-4000-8000-000300000003', '7ea70000-0000-4000-8000-000000000003', '40110000-0000-4000-8000-000000000001', '71a70000-0000-4000-8000-000000000003', true, false),
('5e1e0000-0000-4000-8000-000300000004', '7ea70000-0000-4000-8000-000000000003', '40110000-0000-4000-8000-000000000001', '71a70000-0000-4000-8000-000000000004', false, false),
('5e1e0000-0000-4000-8000-000300000005', '7ea70000-0000-4000-8000-000000000003', '40110000-0000-4000-8000-000000000001', '71a70000-0000-4000-8000-000000000005', false, false),
('5e1e0000-0000-4000-8000-000300000007', '7ea70000-0000-4000-8000-000000000003', '40110000-0000-4000-8000-000000000001', '71a70000-0000-4000-8000-000000000007', false, false),
('5e1e0000-0000-4000-8000-000300000009', '7ea70000-0000-4000-8000-000000000003', '40110000-0000-4000-8000-000000000001', '71a70000-0000-4000-8000-000000000009', false, false),
('5e1e0000-0000-4000-8000-00030000000a', '7ea70000-0000-4000-8000-000000000003', '40110000-0000-4000-8000-000000000001', '71a70000-0000-4000-8000-00000000000a', false, true),
('5e1e0000-0000-4000-8000-000400000001', '7ea70000-0000-4000-8000-000000000004', '40110000-0000-4000-8000-000000000001', '71a70000-0000-4000-8000-000000000001', false, true),
('5e1e0000-0000-4000-8000-000400000004', '7ea70000-0000-4000-8000-000000000004', '40110000-0000-4000-8000-000000000001', '71a70000-0000-4000-8000-000000000004', false, false),
('5e1e0000-0000-4000-8000-000400000006', '7ea70000-0000-4000-8000-000000000004', '40110000-0000-4000-8000-000000000001', '71a70000-0000-4000-8000-000000000006', false, false),
('5e1e0000-0000-4000-8000-000400000007', '7ea70000-0000-4000-8000-000000000004', '40110000-0000-4000-8000-000000000001', '71a70000-0000-4000-8000-000000000007', true, false),
('5e1e0000-0000-4000-8000-000400000009', '7ea70000-0000-4000-8000-000000000004', '40110000-0000-4000-8000-000000000001', '71a70000-0000-4000-8000-000000000009', false, false),
('5e1e0000-0000-4000-8000-00040000000b', '7ea70000-0000-4000-8000-000000000004', '40110000-0000-4000-8000-000000000001', '71a70000-0000-4000-8000-00000000000b', false, false);

INSERT INTO trades (id, fantasy_team_id, kind, player_id, price, round_id, created_at) VALUES
('77ade000-0000-4000-8000-000100000001', '7ea70000-0000-4000-8000-000000000001', 'buy', '71a70000-0000-4000-8000-000000000001', 150000, '40110000-0000-4000-8000-000000000001', '2026-09-20T00:00:00Z'),
('77ade000-0000-4000-8000-000100000002', '7ea70000-0000-4000-8000-000000000001', 'buy', '71a70000-0000-4000-8000-000000000002', 120000, '40110000-0000-4000-8000-000000000001', '2026-09-20T01:00:00Z'),
('77ade000-0000-4000-8000-000100000005', '7ea70000-0000-4000-8000-000000000001', 'buy', '71a70000-0000-4000-8000-000000000005', 110000, '40110000-0000-4000-8000-000000000001', '2026-09-20T02:00:00Z'),
('77ade000-0000-4000-8000-000100000007', '7ea70000-0000-4000-8000-000000000001', 'buy', '71a70000-0000-4000-8000-000000000007', 140000, '40110000-0000-4000-8000-000000000001', '2026-09-20T03:00:00Z'),
('77ade000-0000-4000-8000-000100000008', '7ea70000-0000-4000-8000-000000000001', 'buy', '71a70000-0000-4000-8000-000000000008', 100000, '40110000-0000-4000-8000-000000000001', '2026-09-20T04:00:00Z'),
('77ade000-0000-4000-8000-00010000000a', '7ea70000-0000-4000-8000-000000000001', 'buy', '71a70000-0000-4000-8000-00000000000a', 130000, '40110000-0000-4000-8000-000000000001', '2026-09-20T05:00:00Z'),
('77ade000-0000-4000-8000-000200000002', '7ea70000-0000-4000-8000-000000000002', 'buy', '71a70000-0000-4000-8000-000000000002', 120000, '40110000-0000-4000-8000-000000000001', '2026-09-21T00:00:00Z'),
('77ade000-0000-4000-8000-000200000003', '7ea70000-0000-4000-8000-000000000002', 'buy', '71a70000-0000-4000-8000-000000000003', 90000, '40110000-0000-4000-8000-000000000001', '2026-09-21T01:00:00Z'),
('77ade000-0000-4000-8000-000200000006', '7ea70000-0000-4000-8000-000000000002', 'buy', '71a70000-0000-4000-8000-000000000006', 70000, '40110000-0000-4000-8000-000000000001', '2026-09-21T02:00:00Z'),
('77ade000-0000-4000-8000-000200000008', '7ea70000-0000-4000-8000-000000000002', 'buy', '71a70000-0000-4000-8000-000000000008', 100000, '40110000-0000-4000-8000-000000000001', '2026-09-21T03:00:00Z'),
('77ade000-0000-4000-8000-000200000009', '7ea70000-0000-4000-8000-000000000002', 'buy', '71a70000-0000-4000-8000-000000000009', 65000, '40110000-0000-4000-8000-000000000001', '2026-09-21T04:00:00Z'),
('77ade000-0000-4000-8000-00020000000b', '7ea70000-0000-4000-8000-000000000002', 'buy', '71a70000-0000-4000-8000-00000000000b', 80000, '40110000-0000-4000-8000-000000000001', '2026-09-21T05:00:00Z'),
('77ade000-0000-4000-8000-000300000003', '7ea70000-0000-4000-8000-000000000003', 'buy', '71a70000-0000-4000-8000-000000000003', 90000, '40110000-0000-4000-8000-000000000001', '2026-09-22T00:00:00Z'),
('77ade000-0000-4000-8000-000300000004', '7ea70000-0000-4000-8000-000000000003', 'buy', '71a70000-0000-4000-8000-000000000004', 60000, '40110000-0000-4000-8000-000000000001', '2026-09-22T01:00:00Z'),
('77ade000-0000-4000-8000-000300000005', '7ea70000-0000-4000-8000-000000000003', 'buy', '71a70000-0000-4000-8000-000000000005', 110000, '40110000-0000-4000-8000-000000000001', '2026-09-22T02:00:00Z'),
('77ade000-0000-4000-8000-000300000007', '7ea70000-0000-4000-8000-000000000003', 'buy', '71a70000-0000-4000-8000-000000000007', 140000, '40110000-0000-4000-8000-000000000001', '2026-09-22T03:00:00Z'),
('77ade000-0000-4000-8000-000300000009', '7ea70000-0000-4000-8000-000000000003', 'buy', '71a70000-0000-4000-8000-000000000009', 65000, '40110000-0000-4000-8000-000000000001', '2026-09-22T04:00:00Z'),
('77ade000-0000-4000-8000-00030000000a', '7ea70000-0000-4000-8000-000000000003', 'buy', '71a70000-0000-4000-8000-00000000000a', 130000, '40110000-0000-4000-8000-000000000001', '2026-09-22T05:00:00Z'),
('77ade000-0000-4000-8000-000400000001', '7ea70000-0000-4000-8000-000000000004', 'buy', '71a70000-0000-4000-8000-000000000001', 150000, '40110000-0000-4000-8000-000000000001', '2026-09-23T00:00:00Z'),
('77ade000-0000-4000-8000-000400000004', '7ea70000-0000-4000-8000-000000000004', 'buy', '71a70000-0000-4000-8000-000000000004', 60000, '40110000-0000-4000-8000-000000000001', '2026-09-23T01:00:00Z'),
('77ade000-0000-4000-8000-000400000006', '7ea70000-0000-4000-8000-000000000004', 'buy', '71a70000-0000-4000-8000-000000000006', 70000, '40110000-0000-4000-8000-000000000001', '2026-09-23T02:00:00Z'),
('77ade000-0000-4000-8000-000400000007', '7ea70000-0000-4000-8000-000000000004', 'buy', '71a70000-0000-4000-8000-000000000007', 140000, '40110000-0000-4000-8000-000000000001', '2026-09-23T03:00:00Z'),
('77ade000-0000-4000-8000-000400000009', '7ea70000-0000-4000-8000-000000000004', 'buy', '71a70000-0000-4000-8000-000000000009', 65000, '40110000-0000-4000-8000-000000000001', '2026-09-23T04:00:00Z'),
('77ade000-0000-4000-8000-00040000000b', '7ea70000-0000-4000-8000-000000000004', 'buy', '71a70000-0000-4000-8000-00000000000b', 80000, '40110000-0000-4000-8000-000000000001', '2026-09-23T05:00:00Z');

COMMIT;
