-- NSCC Fantasy — DEMO SEASON, DERIVED STATE (recomputeSeason output; D15/G3).
-- Paste AFTER seed_raw.sql. Engine-computed — do not hand-edit. Idempotent.
BEGIN;
DELETE FROM player_match_scores WHERE match_id IN (SELECT id FROM matches WHERE round_id IN (SELECT id FROM rounds WHERE season_id = '5ea50000-0000-4000-8000-000000000001'));
DELETE FROM price_history WHERE player_id IN (SELECT id FROM players WHERE season_id = '5ea50000-0000-4000-8000-000000000001');
DELETE FROM team_cap_snapshots WHERE fantasy_team_id IN (SELECT id FROM fantasy_teams WHERE season_id = '5ea50000-0000-4000-8000-000000000001');
DELETE FROM team_round_scores WHERE fantasy_team_id IN (SELECT id FROM fantasy_teams WHERE season_id = '5ea50000-0000-4000-8000-000000000001');
DELETE FROM h2h_results WHERE round_id IN (SELECT id FROM rounds WHERE season_id = '5ea50000-0000-4000-8000-000000000001');
DELETE FROM ladder WHERE season_id = '5ea50000-0000-4000-8000-000000000001';
DELETE FROM overall_leaderboard WHERE season_id = '5ea50000-0000-4000-8000-000000000001';

INSERT INTO player_match_scores (match_id, player_id, played, batting, bowling, fielding, bonuses, base) VALUES
('3a7c0000-0000-4000-8000-000000000001', '71a70000-0000-4000-8000-000000000001', true, 83, 0, 0, 0, 83),
('3a7c0000-0000-4000-8000-000000000001', '71a70000-0000-4000-8000-000000000002', true, 40, 0, 0, 10, 50),
('3a7c0000-0000-4000-8000-000000000001', '71a70000-0000-4000-8000-000000000003', true, 5, 0, 0, 0, 5),
('3a7c0000-0000-4000-8000-000000000001', '71a70000-0000-4000-8000-000000000005', true, 20, 0, 0, 0, 20),
('3a7c0000-0000-4000-8000-000000000001', '71a70000-0000-4000-8000-000000000007', true, 0, 75, 0, 10, 85),
('3a7c0000-0000-4000-8000-000000000001', '71a70000-0000-4000-8000-000000000008', true, 0, 25, 0, 0, 25),
('3a7c0000-0000-4000-8000-000000000001', '71a70000-0000-4000-8000-00000000000a', true, 0, 0, 0, 0, 0);

INSERT INTO price_history (player_id, match_id, seq, price) VALUES
('71a70000-0000-4000-8000-000000000001', NULL, 0, 150000),
('71a70000-0000-4000-8000-000000000001', '3a7c0000-0000-4000-8000-000000000001', 1, 136600),
('71a70000-0000-4000-8000-000000000002', NULL, 0, 120000),
('71a70000-0000-4000-8000-000000000002', '3a7c0000-0000-4000-8000-000000000001', 1, 106000),
('71a70000-0000-4000-8000-000000000003', NULL, 0, 90000),
('71a70000-0000-4000-8000-000000000003', '3a7c0000-0000-4000-8000-000000000001', 1, 73000),
('71a70000-0000-4000-8000-000000000004', NULL, 0, 60000),
('71a70000-0000-4000-8000-000000000005', NULL, 0, 110000),
('71a70000-0000-4000-8000-000000000005', '3a7c0000-0000-4000-8000-000000000001', 1, 92000),
('71a70000-0000-4000-8000-000000000006', NULL, 0, 70000),
('71a70000-0000-4000-8000-000000000007', NULL, 0, 140000),
('71a70000-0000-4000-8000-000000000007', '3a7c0000-0000-4000-8000-000000000001', 1, 129000),
('71a70000-0000-4000-8000-000000000008', NULL, 0, 100000),
('71a70000-0000-4000-8000-000000000008', '3a7c0000-0000-4000-8000-000000000001', 1, 85000),
('71a70000-0000-4000-8000-000000000009', NULL, 0, 65000),
('71a70000-0000-4000-8000-00000000000a', NULL, 0, 130000),
('71a70000-0000-4000-8000-00000000000a', '3a7c0000-0000-4000-8000-000000000001', 1, 104000),
('71a70000-0000-4000-8000-00000000000b', NULL, 0, 80000);

INSERT INTO team_cap_snapshots (fantasy_team_id, as_of_round_id, cap_remaining, invested_value, team_value) VALUES
('7ea70000-0000-4000-8000-000000000001', '40110000-0000-4000-8000-000000000003', 250000, 652600, 902600),
('7ea70000-0000-4000-8000-000000000002', '40110000-0000-4000-8000-000000000003', 475000, 479000, 954000),
('7ea70000-0000-4000-8000-000000000003', '40110000-0000-4000-8000-000000000003', 405000, 523000, 928000),
('7ea70000-0000-4000-8000-000000000004', '40110000-0000-4000-8000-000000000003', 435000, 540600, 975600);

INSERT INTO team_round_scores (fantasy_team_id, round_id, total, captain_player_id) VALUES
('7ea70000-0000-4000-8000-000000000001', '40110000-0000-4000-8000-000000000001', 346, '71a70000-0000-4000-8000-000000000001'),
('7ea70000-0000-4000-8000-000000000002', '40110000-0000-4000-8000-000000000001', 105, '71a70000-0000-4000-8000-000000000008'),
('7ea70000-0000-4000-8000-000000000003', '40110000-0000-4000-8000-000000000001', 115, '71a70000-0000-4000-8000-000000000003'),
('7ea70000-0000-4000-8000-000000000004', '40110000-0000-4000-8000-000000000001', 253, '71a70000-0000-4000-8000-000000000007');

INSERT INTO h2h_results (round_id, home_team_id, away_team_id, home_points, away_points, bye_median, outcome) VALUES
('40110000-0000-4000-8000-000000000001', '7ea70000-0000-4000-8000-000000000001', '7ea70000-0000-4000-8000-000000000004', 346, 253, NULL, 'home'),
('40110000-0000-4000-8000-000000000001', '7ea70000-0000-4000-8000-000000000002', '7ea70000-0000-4000-8000-000000000003', 105, 115, NULL, 'away');

INSERT INTO ladder (season_id, fantasy_team_id, played, wins, losses, ties, points_for, ladder_points) VALUES
('5ea50000-0000-4000-8000-000000000001', '7ea70000-0000-4000-8000-000000000001', 1, 1, 0, 0, 346, 2),
('5ea50000-0000-4000-8000-000000000001', '7ea70000-0000-4000-8000-000000000002', 1, 0, 1, 0, 105, 0),
('5ea50000-0000-4000-8000-000000000001', '7ea70000-0000-4000-8000-000000000003', 1, 1, 0, 0, 115, 2),
('5ea50000-0000-4000-8000-000000000001', '7ea70000-0000-4000-8000-000000000004', 1, 0, 1, 0, 253, 0);

INSERT INTO overall_leaderboard (season_id, fantasy_team_id, total_points) VALUES
('5ea50000-0000-4000-8000-000000000001', '7ea70000-0000-4000-8000-000000000001', 346),
('5ea50000-0000-4000-8000-000000000001', '7ea70000-0000-4000-8000-000000000002', 105),
('5ea50000-0000-4000-8000-000000000001', '7ea70000-0000-4000-8000-000000000003', 115),
('5ea50000-0000-4000-8000-000000000001', '7ea70000-0000-4000-8000-000000000004', 253);

COMMIT;
